Data Figure 2.18a (1/2): Data series on Share Population with higher augmented GDI compared to PI level;;;;;;;;;;;;;;;;;;;;;;;;;;;;;;;;;;;;;;;;;;;;;;;;;;;;;;;;;;;;;;;;;;
Sheet extracted from Platform Paper: Botheetal2026AppendixDistribution.xlsx sheet O6a;;;;;;;;;;;;;;;;;;;;;;;;;;;;;;;;;;;;;;;;;;;;;;;;;;;;;;;;;;;;;;;;;;
;;;;;;;;;;;;;;;;;;;;;;;;;;;;;;;;;;;;;;;;;;;;;;;;;;;;;;;;;;;;;;;;;;
;World;Europe;North America Oceania;Latin America;Middle East North Africa;Sub-Saharan Africa;Russia Central Asia;East Asia;South & South-East Asia;DE;DK;ES;FR;GB;IT;NL;NO;SE;OC;QM;US;CA;AU;NZ;OH;AR;BR;CL;CO;MX;OD;AE;DZ;EG;IR;MA;SA;TR;OE;CD;CI;ET;KE;ML;NE;NG;RW;SD;ZA;OJ;RU;OA;CN;JP;KR;TW;OB;BD;IN;ID;MM;PK;PH;TH;VN;OI
2025;100%;100%;100%;100%;100%;100%;100%;100%;100%;100%;100%;100%;100%;100%;100%;100%;100%;100%;100%;100%;100%;100%;100%;100%;100%;100%;100%;100%;100%;100%;100%;100%;100%;100%;100%;100%;100%;100%;100%;100%;100%;100%;100%;100%;100%;100%;100%;100%;100%;100%;100%;100%;100%;100%;100%;100%;100%;100%;100%;100%;100%;100%;100%;100%;100%;100%
2026;100%;100%;99%;100%;100%;100%;100%;100%;100%;100%;100%;100%;100%;100%;100%;100%;100%;100%;100%;99%;99%;100%;100%;100%;100%;100%;99%;99%;100%;99%;100%;98%;100%;100%;100%;100%;98%;99%;100%;100%;100%;100%;100%;100%;100%;100%;100%;100%;100%;100%;99%;100%;100%;100%;100%;98%;99%;100%;100%;100%;100%;100%;100%;100%;100%;100%
2027;100%;99%;98%;99%;100%;100%;99%;100%;100%;99%;100%;100%;100%;99%;100%;100%;99%;100%;99%;100%;98%;100%;100%;100%;100%;100%;99%;99%;100%;99%;100%;97%;100%;100%;100%;100%;98%;99%;100%;100%;100%;100%;100%;100%;100%;100%;100%;100%;100%;100%;99%;100%;100%;99%;99%;97%;99%;100%;100%;100%;100%;100%;100%;100%;100%;99%
2028;99%;99%;97%;99%;99%;100%;99%;99%;100%;98%;99%;99%;99%;99%;99%;99%;99%;99%;99%;99%;97%;99%;99%;99%;100%;99%;99%;99%;100%;99%;100%;96%;100%;99%;100%;100%;97%;98%;100%;100%;100%;100%;100%;100%;100%;100%;100%;100%;100%;100%;99%;100%;100%;97%;99%;96%;99%;100%;100%;100%;100%;100%;100%;99%;100%;99%
2029;99%;99%;97%;99%;99%;100%;99%;96%;99%;98%;99%;99%;99%;98%;99%;98%;98%;99%;98%;99%;96%;99%;99%;99%;100%;99%;99%;98%;100%;99%;100%;95%;100%;99%;100%;100%;96%;97%;100%;100%;100%;100%;100%;100%;100%;100%;100%;100%;100%;100%;99%;100%;96%;95%;98%;94%;98%;100%;100%;100%;100%;100%;100%;99%;100%;94%
2030;96%;97%;96%;99%;98%;100%;99%;86%;99%;97%;98%;98%;94%;98%;98%;97%;96%;57%;97%;99%;95%;99%;98%;99%;100%;99%;99%;98%;99%;98%;100%;94%;100%;99%;100%;100%;95%;94%;99%;100%;100%;100%;100%;100%;100%;100%;100%;100%;100%;100%;98%;100%;86%;88%;90%;93%;87%;100%;100%;100%;100%;100%;100%;93%;100%;86%
2031;93%;89%;95%;99%;97%;100%;99%;71%;98%;90%;98%;98%;50%;95%;97%;96%;91%;30%;97%;99%;94%;98%;98%;98%;100%;99%;98%;96%;99%;98%;99%;93%;100%;99%;100%;100%;88%;91%;99%;100%;100%;100%;100%;100%;100%;100%;100%;100%;99%;100%;98%;100%;71%;53%;85%;91%;85%;100%;100%;100%;100%;100%;98%;85%;99%;84%
2032;90%;84%;92%;98%;97%;100%;98%;62%;98%;80%;97%;97%;35%;89%;95%;94%;79%;21%;95%;98%;90%;98%;98%;98%;100%;97%;98%;94%;98%;96%;99%;93%;100%;99%;100%;100%;85%;89%;99%;100%;100%;100%;100%;100%;100%;100%;100%;100%;99%;100%;97%;99%;62%;46%;83%;88%;84%;100%;100%;100%;100%;100%;95%;80%;98%;82%
2033;89%;79%;88%;97%;97%;100%;97%;59%;97%;71%;84%;96%;32%;83%;83%;84%;63%;18%;91%;98%;86%;98%;97%;97%;100%;96%;96%;92%;95%;95%;99%;92%;100%;98%;100%;100%;84%;88%;99%;100%;100%;100%;100%;100%;100%;100%;100%;100%;99%;100%;95%;99%;58%;44%;78%;86%;84%;100%;100%;93%;100%;100%;92%;77%;95%;81%
2034;88%;76%;88%;96%;96%;100%;97%;56%;95%;69%;68%;94%;31%;82%;79%;75%;50%;19%;88%;98%;85%;97%;97%;96%;100%;93%;96%;91%;93%;95%;99%;91%;100%;97%;100%;100%;83%;88%;99%;100%;100%;100%;100%;100%;100%;100%;100%;100%;98%;100%;94%;99%;55%;45%;75%;85%;83%;99%;99%;88%;100%;100%;88%;75%;93%;80%
2035;86%;76%;87%;95%;96%;100%;97%;54%;92%;67%;65%;94%;32%;82%;78%;74%;48%;21%;87%;97%;85%;96%;97%;96%;100%;90%;95%;91%;91%;94%;98%;90%;99%;96%;100%;100%;83%;87%;99%;100%;100%;100%;100%;100%;100%;100%;100%;100%;96%;100%;94%;99%;53%;45%;75%;85%;83%;98%;94%;86%;100%;99%;85%;73%;90%;79%
2036;85%;75%;88%;95%;95%;100%;97%;53%;91%;66%;56%;93%;31%;81%;76%;72%;39%;21%;86%;97%;86%;95%;96%;96%;99%;89%;95%;90%;90%;93%;98%;90%;99%;95%;100%;100%;82%;87%;98%;100%;100%;100%;100%;100%;100%;100%;100%;100%;95%;100%;94%;99%;51%;46%;74%;85%;82%;97%;94%;84%;100%;98%;83%;72%;86%;79%
2037;85%;75%;88%;94%;95%;100%;96%;52%;90%;66%;55%;92%;32%;82%;76%;71%;38%;23%;86%;96%;86%;95%;96%;96%;98%;88%;94%;90%;89%;92%;97%;90%;99%;95%;100%;100%;82%;87%;97%;100%;100%;100%;100%;100%;100%;100%;100%;100%;93%;100%;93%;98%;50%;47%;75%;85%;82%;96%;93%;82%;100%;98%;81%;71%;84%;79%
2038;85%;76%;89%;93%;95%;100%;95%;52%;90%;69%;56%;92%;34%;83%;77%;72%;37%;29%;86%;96%;87%;95%;96%;96%;98%;88%;93%;90%;89%;91%;97%;90%;99%;94%;99%;99%;82%;87%;97%;100%;100%;100%;100%;100%;100%;100%;100%;100%;93%;100%;93%;97%;50%;50%;76%;86%;82%;95%;93%;81%;100%;97%;79%;70%;83%;78%
2039;85%;76%;90%;93%;94%;100%;95%;52%;90%;70%;56%;93%;35%;83%;77%;72%;34%;30%;86%;96%;88%;95%;96%;96%;97%;87%;93%;89%;88%;91%;96%;89%;99%;94%;99%;99%;82%;88%;96%;100%;99%;100%;100%;100%;100%;100%;100%;100%;92%;100%;93%;97%;49%;62%;78%;87%;82%;94%;93%;80%;100%;96%;77%;70%;81%;78%
2040;85%;76%;90%;93%;94%;100%;95%;53%;89%;71%;56%;93%;38%;83%;77%;72%;32%;32%;86%;96%;88%;95%;95%;96%;96%;87%;93%;89%;88%;91%;96%;89%;98%;93%;99%;99%;82%;88%;96%;100%;99%;100%;100%;100%;100%;100%;100%;100%;92%;100%;93%;96%;49%;72%;79%;87%;82%;94%;93%;80%;100%;95%;76%;69%;80%;78%
2041;85%;77%;90%;92%;94%;100%;95%;54%;89%;72%;59%;93%;39%;86%;78%;73%;32%;35%;86%;96%;89%;95%;95%;96%;95%;87%;93%;89%;88%;91%;95%;89%;98%;93%;98%;99%;82%;88%;95%;100%;98%;100%;100%;100%;100%;100%;100%;100%;92%;100%;93%;96%;49%;87%;80%;88%;82%;94%;93%;79%;99%;95%;76%;69%;79%;78%
2042;85%;78%;91%;92%;94%;99%;95%;54%;89%;73%;65%;93%;39%;86%;79%;73%;33%;37%;87%;96%;90%;95%;95%;96%;95%;87%;93%;89%;88%;91%;95%;89%;98%;93%;98%;98%;82%;88%;95%;100%;98%;100%;100%;100%;100%;100%;100%;100%;91%;100%;93%;96%;49%;87%;81%;88%;82%;93%;93%;79%;99%;94%;75%;69%;79%;78%
2043;85%;79%;91%;92%;94%;99%;94%;54%;88%;74%;77%;94%;41%;87%;81%;74%;36%;39%;88%;96%;90%;95%;96%;96%;93%;87%;93%;89%;88%;91%;95%;90%;98%;93%;98%;97%;82%;88%;95%;100%;98%;100%;100%;100%;100%;100%;100%;100%;91%;100%;93%;95%;49%;88%;83%;89%;82%;93%;92%;79%;99%;94%;75%;69%;78%;78%
2044;86%;80%;92%;92%;94%;99%;94%;54%;88%;75%;83%;94%;45%;88%;82%;75%;36%;42%;88%;96%;91%;95%;96%;96%;93%;87%;93%;89%;88%;91%;95%;90%;98%;93%;98%;97%;83%;89%;95%;100%;98%;100%;100%;100%;100%;100%;99%;100%;91%;100%;93%;95%;49%;88%;83%;89%;82%;93%;92%;79%;99%;94%;74%;69%;78%;78%
2045;86%;81%;92%;92%;94%;99%;94%;54%;88%;76%;86%;94%;49%;89%;83%;77%;37%;49%;88%;96%;91%;95%;96%;96%;93%;87%;93%;89%;88%;91%;95%;90%;98%;93%;97%;97%;83%;89%;95%;100%;97%;100%;100%;100%;100%;100%;99%;100%;91%;100%;93%;95%;49%;89%;83%;89%;82%;93%;92%;79%;99%;93%;74%;69%;78%;78%
2046;86%;82%;93%;92%;93%;99%;94%;54%;88%;79%;90%;94%;50%;90%;84%;79%;38%;50%;89%;96%;92%;95%;96%;96%;92%;87%;93%;89%;88%;91%;95%;90%;98%;93%;97%;96%;83%;89%;94%;100%;97%;100%;99%;100%;100%;100%;99%;100%;91%;100%;93%;95%;49%;89%;84%;90%;82%;93%;92%;79%;99%;93%;74%;70%;78%;78%
2047;86%;83%;93%;92%;93%;99%;94%;55%;88%;81%;95%;94%;51%;90%;86%;81%;39%;52%;90%;96%;92%;96%;96%;96%;92%;87%;93%;89%;88%;91%;95%;90%;98%;93%;97%;96%;83%;89%;94%;100%;97%;100%;99%;100%;100%;99%;98%;100%;91%;100%;93%;95%;50%;89%;84%;90%;82%;92%;92%;79%;99%;93%;74%;70%;78%;78%
2048;86%;84%;93%;93%;93%;99%;94%;55%;88%;83%;96%;95%;53%;90%;87%;84%;39%;54%;90%;96%;93%;96%;96%;96%;92%;88%;93%;89%;88%;92%;95%;90%;98%;93%;97%;96%;84%;89%;94%;100%;97%;100%;99%;100%;100%;99%;98%;100%;91%;100%;93%;94%;50%;90%;84%;90%;82%;92%;92%;79%;98%;93%;75%;70%;78%;79%
2049;86%;85%;93%;93%;93%;99%;94%;55%;88%;84%;96%;95%;54%;91%;88%;85%;40%;56%;90%;96%;93%;96%;96%;97%;92%;88%;93%;89%;88%;92%;95%;90%;98%;93%;97%;96%;84%;90%;94%;100%;97%;100%;99%;100%;100%;99%;98%;100%;91%;100%;93%;94%;50%;90%;85%;91%;82%;92%;92%;79%;98%;93%;75%;71%;79%;79%
2050;87%;85%;93%;93%;93%;99%;94%;56%;88%;85%;96%;95%;55%;92%;90%;86%;43%;58%;91%;96%;93%;96%;96%;97%;92%;88%;93%;90%;88%;92%;95%;91%;98%;93%;97%;96%;84%;90%;94%;100%;97%;100%;99%;100%;100%;99%;98%;100%;91%;100%;93%;94%;51%;90%;85%;91%;82%;93%;92%;79%;98%;93%;75%;71%;79%;79%
2051;87%;85%;93%;93%;93%;99%;94%;57%;89%;85%;96%;95%;55%;92%;90%;86%;39%;58%;91%;96%;93%;96%;96%;97%;92%;88%;93%;90%;88%;92%;95%;91%;98%;93%;97%;96%;84%;90%;94%;100%;97%;100%;99%;100%;100%;99%;98%;100%;91%;100%;93%;95%;52%;90%;85%;91%;83%;93%;92%;80%;98%;93%;76%;72%;80%;79%
2052;87%;85%;94%;93%;94%;99%;94%;58%;89%;85%;96%;95%;55%;92%;90%;86%;38%;59%;91%;96%;93%;96%;96%;97%;93%;88%;93%;90%;88%;92%;95%;91%;98%;93%;97%;96%;84%;90%;95%;100%;97%;100%;99%;100%;100%;99%;98%;100%;92%;100%;93%;95%;53%;90%;85%;91%;83%;93%;92%;80%;98%;93%;76%;72%;81%;79%
2053;88%;86%;94%;93%;94%;99%;94%;59%;89%;85%;96%;95%;57%;92%;90%;86%;34%;59%;91%;97%;93%;96%;96%;97%;93%;88%;93%;90%;89%;92%;95%;91%;98%;93%;97%;97%;84%;90%;95%;100%;97%;100%;99%;100%;100%;99%;98%;100%;92%;100%;93%;95%;54%;90%;85%;91%;83%;93%;92%;80%;98%;94%;77%;73%;82%;79%
2054;88%;86%;94%;93%;94%;99%;94%;60%;89%;85%;96%;96%;58%;92%;90%;86%;30%;60%;91%;97%;93%;96%;96%;97%;93%;88%;93%;90%;89%;92%;95%;91%;98%;93%;97%;97%;84%;90%;95%;100%;98%;100%;99%;100%;100%;100%;98%;100%;92%;100%;93%;95%;55%;90%;85%;91%;83%;93%;92%;80%;99%;94%;77%;73%;83%;79%
2055;88%;86%;93%;93%;94%;99%;94%;61%;90%;85%;96%;96%;61%;93%;90%;86%;27%;61%;91%;97%;92%;96%;96%;97%;94%;89%;93%;90%;89%;92%;95%;91%;98%;93%;97%;97%;84%;90%;95%;100%;98%;100%;99%;100%;100%;100%;98%;100%;92%;100%;93%;95%;56%;90%;85%;91%;84%;93%;93%;81%;99%;94%;78%;74%;84%;80%
2056;89%;87%;93%;93%;94%;99%;94%;61%;90%;85%;96%;96%;65%;93%;91%;86%;26%;61%;91%;97%;92%;96%;96%;97%;95%;89%;93%;90%;89%;93%;96%;91%;98%;93%;97%;98%;84%;90%;95%;100%;98%;100%;99%;100%;100%;100%;98%;100%;93%;100%;93%;95%;57%;90%;85%;91%;84%;93%;93%;81%;99%;94%;78%;74%;84%;80%
2057;89%;87%;93%;93%;94%;99%;94%;62%;90%;85%;96%;96%;68%;93%;91%;86%;23%;62%;91%;97%;92%;96%;96%;97%;95%;89%;93%;90%;89%;93%;96%;91%;98%;93%;97%;98%;84%;90%;95%;100%;98%;100%;99%;100%;100%;100%;99%;100%;93%;100%;93%;95%;58%;90%;85%;91%;84%;94%;93%;81%;99%;94%;79%;75%;85%;80%
2058;89%;88%;93%;93%;94%;99%;94%;64%;90%;85%;96%;96%;72%;93%;91%;86%;22%;62%;91%;97%;92%;96%;96%;97%;95%;89%;93%;90%;89%;93%;96%;91%;98%;93%;97%;98%;84%;90%;95%;100%;98%;100%;100%;100%;100%;100%;99%;100%;93%;100%;93%;95%;60%;90%;85%;90%;84%;94%;93%;81%;99%;94%;79%;75%;85%;80%
2059;90%;88%;93%;93%;94%;99%;94%;65%;90%;85%;96%;96%;74%;93%;91%;86%;19%;63%;91%;97%;92%;96%;96%;97%;96%;89%;93%;90%;89%;93%;96%;91%;98%;93%;97%;98%;84%;90%;95%;100%;98%;100%;100%;100%;100%;100%;99%;100%;93%;100%;93%;95%;61%;90%;85%;90%;84%;94%;93%;82%;99%;95%;80%;76%;86%;80%
2060;90%;89%;93%;93%;94%;99%;95%;66%;90%;85%;96%;96%;78%;93%;91%;87%;18%;65%;91%;97%;92%;96%;96%;97%;96%;89%;93%;90%;89%;93%;96%;91%;98%;93%;98%;99%;84%;90%;96%;100%;98%;100%;100%;100%;100%;100%;99%;100%;93%;100%;93%;96%;62%;91%;85%;90%;84%;94%;93%;82%;99%;95%;80%;76%;86%;80%
2061;90%;89%;93%;94%;95%;100%;95%;68%;90%;85%;96%;96%;78%;93%;91%;87%;17%;76%;91%;97%;92%;96%;96%;97%;97%;90%;94%;90%;90%;93%;96%;92%;98%;94%;98%;99%;84%;90%;96%;100%;99%;100%;100%;100%;100%;100%;99%;100%;94%;100%;93%;96%;64%;91%;85%;90%;85%;94%;93%;82%;99%;95%;81%;77%;87%;81%
2062;91%;89%;93%;94%;95%;100%;95%;68%;91%;85%;95%;96%;81%;93%;91%;87%;17%;82%;91%;97%;92%;96%;96%;97%;97%;90%;94%;90%;90%;93%;96%;92%;98%;94%;98%;99%;84%;90%;96%;100%;99%;100%;100%;100%;100%;100%;99%;100%;94%;100%;93%;96%;65%;91%;85%;90%;85%;94%;93%;83%;99%;95%;81%;77%;87%;81%
2063;91%;90%;92%;94%;95%;100%;95%;70%;91%;85%;93%;96%;84%;93%;92%;87%;16%;85%;91%;97%;91%;96%;97%;97%;97%;90%;94%;90%;90%;93%;97%;92%;98%;94%;98%;99%;84%;90%;96%;100%;99%;100%;100%;100%;100%;100%;99%;100%;94%;100%;93%;96%;67%;91%;85%;90%;85%;94%;93%;83%;99%;95%;82%;77%;88%;81%
2064;91%;90%;92%;94%;95%;100%;95%;71%;91%;85%;92%;96%;85%;93%;92%;87%;15%;85%;91%;97%;91%;96%;97%;97%;98%;90%;94%;90%;90%;93%;97%;92%;99%;94%;98%;99%;84%;90%;96%;100%;99%;100%;100%;100%;100%;100%;99%;100%;94%;100%;93%;96%;68%;91%;85%;90%;85%;94%;93%;83%;99%;95%;82%;78%;88%;81%
2065;91%;90%;92%;94%;95%;100%;95%;73%;91%;85%;91%;96%;85%;94%;92%;87%;15%;86%;91%;98%;91%;96%;97%;97%;98%;90%;94%;90%;90%;93%;97%;92%;99%;94%;98%;99%;84%;90%;96%;100%;99%;100%;100%;100%;100%;100%;99%;100%;95%;100%;93%;96%;70%;91%;85%;90%;85%;95%;93%;83%;99%;95%;83%;78%;89%;81%
2066;92%;90%;92%;94%;95%;100%;95%;74%;91%;85%;90%;96%;85%;94%;92%;87%;15%;87%;91%;98%;91%;96%;97%;97%;98%;90%;94%;90%;90%;93%;97%;92%;99%;94%;98%;99%;84%;90%;96%;100%;99%;100%;100%;100%;100%;100%;99%;100%;95%;100%;93%;96%;72%;91%;85%;90%;85%;95%;93%;84%;99%;96%;83%;78%;90%;81%
2067;92%;90%;92%;94%;95%;100%;95%;76%;91%;85%;89%;97%;85%;94%;92%;87%;14%;87%;91%;98%;91%;96%;97%;97%;98%;91%;94%;90%;90%;94%;97%;92%;99%;94%;98%;99%;84%;90%;96%;100%;99%;100%;100%;100%;100%;100%;99%;100%;95%;100%;93%;96%;74%;91%;85%;90%;86%;95%;93%;84%;99%;96%;83%;79%;91%;82%
2068;92%;91%;92%;94%;95%;100%;95%;77%;91%;85%;89%;97%;88%;94%;92%;87%;14%;87%;91%;98%;91%;97%;97%;97%;98%;91%;94%;90%;91%;94%;97%;92%;99%;94%;98%;99%;84%;90%;96%;100%;100%;100%;100%;100%;100%;100%;99%;100%;95%;100%;93%;96%;75%;91%;85%;90%;86%;95%;93%;84%;99%;96%;84%;79%;91%;82%
2069;93%;91%;92%;94%;95%;100%;95%;79%;91%;85%;87%;97%;91%;94%;92%;87%;14%;87%;91%;98%;91%;97%;97%;98%;98%;91%;94%;90%;91%;94%;97%;92%;99%;94%;98%;99%;84%;90%;96%;100%;100%;100%;100%;100%;100%;100%;99%;100%;95%;100%;93%;96%;77%;91%;85%;90%;86%;95%;93%;84%;99%;96%;84%;79%;92%;82%
2070;93%;91%;92%;94%;95%;100%;95%;80%;91%;85%;86%;97%;91%;95%;92%;87%;13%;87%;91%;98%;91%;97%;97%;98%;98%;91%;94%;90%;91%;94%;97%;92%;99%;94%;98%;99%;84%;90%;96%;100%;100%;100%;100%;100%;100%;100%;99%;100%;96%;100%;93%;96%;79%;91%;85%;90%;86%;95%;93%;85%;99%;96%;85%;80%;92%;82%
2071;93%;92%;92%;95%;95%;100%;95%;81%;91%;86%;85%;97%;92%;95%;92%;88%;13%;88%;91%;98%;91%;97%;97%;98%;98%;92%;95%;90%;91%;94%;97%;92%;99%;94%;98%;99%;84%;90%;97%;100%;100%;100%;100%;100%;100%;100%;100%;100%;96%;100%;93%;97%;80%;91%;85%;90%;86%;95%;93%;85%;99%;96%;85%;80%;92%;82%
2072;93%;92%;92%;95%;95%;100%;95%;83%;92%;86%;85%;97%;94%;95%;93%;88%;13%;88%;91%;98%;90%;97%;97%;98%;98%;92%;95%;90%;91%;94%;97%;92%;99%;94%;98%;99%;84%;90%;97%;100%;100%;100%;100%;100%;100%;100%;100%;100%;96%;100%;93%;97%;82%;91%;85%;90%;86%;96%;93%;85%;99%;96%;85%;80%;93%;83%
2073;94%;92%;92%;95%;95%;100%;95%;84%;92%;86%;82%;97%;94%;95%;93%;88%;13%;89%;91%;98%;90%;97%;97%;98%;99%;93%;95%;90%;91%;94%;97%;92%;99%;94%;98%;99%;84%;90%;97%;100%;100%;100%;100%;100%;100%;100%;100%;100%;96%;100%;93%;97%;83%;91%;85%;90%;87%;96%;93%;86%;99%;97%;86%;81%;93%;83%
2074;94%;92%;92%;95%;95%;100%;95%;85%;92%;86%;82%;97%;94%;95%;93%;88%;12%;89%;91%;98%;90%;97%;97%;98%;99%;93%;95%;90%;92%;94%;97%;92%;99%;94%;98%;99%;84%;90%;97%;100%;100%;100%;100%;100%;100%;100%;100%;100%;96%;100%;93%;97%;84%;91%;86%;90%;87%;96%;93%;86%;100%;97%;86%;81%;93%;83%
2075;94%;92%;92%;95%;95%;100%;95%;86%;92%;86%;80%;97%;94%;95%;93%;88%;12%;89%;91%;98%;90%;97%;97%;98%;99%;93%;95%;90%;92%;94%;97%;92%;99%;95%;98%;99%;84%;90%;97%;100%;100%;100%;100%;100%;100%;100%;100%;100%;96%;100%;93%;97%;85%;91%;86%;90%;87%;96%;94%;86%;100%;97%;87%;81%;93%;83%
2076;94%;92%;92%;95%;95%;100%;95%;86%;93%;86%;80%;97%;94%;95%;93%;88%;12%;89%;91%;98%;90%;97%;97%;98%;99%;93%;95%;90%;92%;94%;97%;92%;99%;95%;98%;99%;84%;90%;97%;100%;100%;100%;100%;100%;100%;100%;100%;100%;97%;100%;93%;97%;86%;91%;86%;90%;87%;96%;94%;86%;100%;97%;87%;82%;94%;84%
2077;94%;92%;92%;95%;95%;100%;95%;87%;93%;86%;79%;97%;94%;95%;93%;88%;12%;89%;91%;98%;90%;97%;97%;98%;99%;94%;95%;90%;92%;94%;97%;93%;99%;95%;98%;99%;84%;90%;97%;100%;100%;100%;100%;100%;100%;100%;100%;100%;97%;100%;93%;97%;87%;91%;86%;90%;87%;96%;94%;87%;100%;97%;87%;82%;94%;84%
2078;95%;92%;92%;95%;95%;100%;95%;87%;93%;86%;78%;97%;94%;95%;93%;89%;11%;90%;92%;98%;90%;97%;97%;98%;99%;94%;95%;90%;92%;94%;98%;93%;99%;95%;99%;99%;84%;90%;97%;100%;100%;100%;100%;100%;100%;100%;100%;100%;97%;100%;93%;97%;87%;91%;86%;90%;88%;96%;94%;87%;100%;97%;88%;82%;94%;84%
2079;95%;92%;92%;95%;95%;100%;95%;88%;93%;86%;78%;97%;94%;95%;93%;89%;11%;90%;92%;98%;90%;97%;97%;98%;99%;94%;95%;90%;92%;94%;98%;93%;99%;95%;99%;99%;84%;90%;97%;100%;100%;100%;100%;100%;100%;100%;100%;100%;97%;100%;93%;97%;88%;91%;86%;89%;88%;97%;94%;87%;100%;97%;88%;83%;94%;84%
2080;95%;92%;92%;96%;95%;100%;95%;88%;93%;86%;78%;97%;95%;95%;93%;89%;11%;90%;92%;98%;90%;97%;97%;98%;99%;94%;95%;90%;92%;95%;98%;93%;99%;95%;99%;100%;84%;90%;97%;100%;100%;100%;100%;100%;100%;100%;100%;100%;97%;100%;93%;97%;88%;91%;86%;89%;88%;97%;94%;87%;100%;97%;88%;83%;94%;84%
2081;95%;92%;92%;96%;95%;100%;96%;88%;93%;86%;71%;97%;94%;95%;93%;88%;11%;90%;92%;98%;90%;97%;97%;98%;99%;94%;95%;90%;93%;95%;98%;93%;99%;95%;99%;100%;84%;90%;97%;100%;100%;100%;100%;100%;100%;100%;100%;100%;97%;100%;94%;97%;88%;91%;86%;89%;88%;97%;94%;88%;100%;97%;89%;83%;94%;84%
2082;95%;92%;91%;96%;95%;100%;96%;88%;93%;86%;64%;97%;94%;95%;93%;88%;10%;89%;91%;98%;89%;97%;97%;98%;99%;95%;95%;90%;93%;95%;98%;93%;99%;95%;99%;100%;84%;90%;97%;100%;100%;100%;100%;100%;100%;100%;100%;100%;97%;100%;94%;97%;88%;91%;86%;89%;88%;97%;94%;88%;100%;97%;89%;83%;95%;85%
2083;95%;91%;91%;96%;95%;100%;96%;89%;93%;85%;56%;97%;94%;95%;93%;88%;10%;89%;91%;98%;89%;97%;97%;98%;99%;95%;95%;90%;93%;95%;98%;93%;99%;95%;99%;100%;84%;90%;97%;100%;100%;100%;100%;100%;100%;100%;100%;100%;97%;100%;94%;97%;89%;91%;86%;89%;88%;97%;94%;88%;100%;97%;89%;83%;95%;85%
2084;95%;91%;91%;96%;95%;100%;96%;89%;93%;85%;50%;97%;94%;95%;93%;87%;10%;88%;91%;98%;89%;96%;97%;98%;99%;95%;95%;90%;93%;95%;98%;93%;99%;95%;99%;100%;84%;90%;97%;100%;100%;100%;100%;100%;100%;100%;100%;100%;97%;100%;94%;97%;89%;91%;85%;89%;88%;97%;94%;88%;100%;97%;89%;84%;95%;85%
2085;95%;91%;91%;96%;95%;100%;96%;89%;93%;85%;49%;97%;93%;95%;93%;87%;10%;87%;91%;98%;89%;96%;97%;98%;99%;95%;95%;90%;93%;95%;98%;93%;99%;95%;99%;100%;84%;90%;97%;100%;100%;100%;100%;100%;100%;100%;100%;100%;97%;100%;94%;97%;89%;91%;85%;89%;88%;97%;94%;88%;100%;98%;90%;84%;95%;85%
2086;95%;90%;90%;96%;95%;100%;96%;89%;93%;84%;48%;97%;89%;95%;92%;87%;10%;87%;91%;98%;88%;96%;97%;98%;99%;95%;95%;90%;93%;95%;98%;93%;99%;95%;99%;100%;84%;90%;97%;100%;100%;100%;100%;100%;100%;100%;100%;100%;97%;100%;94%;97%;89%;91%;85%;89%;88%;97%;94%;89%;100%;98%;90%;84%;95%;85%
2087;95%;90%;90%;96%;95%;100%;96%;89%;93%;84%;48%;97%;87%;95%;92%;87%;10%;86%;91%;98%;88%;96%;97%;98%;99%;95%;95%;90%;93%;95%;98%;93%;99%;95%;99%;100%;84%;90%;97%;100%;100%;100%;100%;100%;100%;100%;100%;100%;97%;100%;94%;97%;89%;91%;85%;88%;88%;97%;94%;89%;100%;98%;91%;84%;95%;85%
2088;95%;90%;90%;96%;95%;100%;96%;89%;93%;84%;47%;97%;85%;95%;92%;87%;10%;86%;91%;98%;88%;96%;97%;98%;99%;95%;95%;90%;93%;95%;98%;93%;99%;95%;99%;100%;84%;90%;97%;100%;100%;100%;100%;100%;100%;100%;100%;100%;97%;100%;94%;97%;89%;91%;85%;88%;88%;97%;94%;89%;100%;98%;91%;85%;95%;85%
2089;95%;89%;90%;96%;95%;100%;96%;89%;94%;83%;47%;97%;85%;95%;92%;86%;10%;83%;91%;98%;88%;96%;96%;98%;99%;95%;95%;91%;93%;95%;98%;93%;99%;95%;99%;100%;84%;90%;97%;100%;100%;100%;100%;100%;100%;100%;100%;100%;97%;100%;94%;98%;89%;91%;85%;88%;88%;97%;94%;89%;100%;98%;91%;85%;95%;86%
2090;95%;89%;90%;96%;95%;100%;96%;89%;94%;83%;46%;97%;85%;95%;92%;86%;10%;78%;90%;98%;88%;96%;96%;98%;99%;95%;95%;91%;93%;95%;98%;93%;99%;95%;99%;100%;84%;90%;97%;100%;100%;100%;100%;100%;100%;100%;100%;100%;97%;100%;94%;98%;89%;91%;85%;88%;88%;97%;94%;89%;100%;98%;91%;85%;95%;86%
2091;95%;89%;89%;96%;96%;100%;96%;89%;94%;83%;46%;97%;84%;95%;91%;86%;10%;77%;90%;98%;87%;95%;96%;98%;99%;95%;95%;91%;93%;95%;98%;93%;99%;96%;99%;100%;84%;91%;97%;100%;100%;100%;100%;100%;100%;100%;100%;100%;97%;100%;94%;98%;89%;91%;85%;88%;88%;97%;94%;91%;100%;98%;91%;85%;96%;86%
2092;95%;88%;89%;96%;96%;100%;96%;89%;94%;83%;45%;97%;83%;94%;91%;86%;9%;64%;90%;98%;87%;95%;96%;98%;99%;95%;95%;91%;93%;95%;98%;93%;99%;96%;99%;100%;85%;91%;97%;100%;100%;100%;100%;100%;100%;100%;100%;100%;97%;100%;94%;98%;89%;91%;85%;88%;88%;97%;94%;91%;100%;98%;92%;86%;96%;86%
2093;95%;88%;89%;96%;96%;100%;96%;89%;94%;83%;44%;97%;80%;94%;91%;86%;9%;63%;90%;98%;87%;95%;96%;98%;99%;96%;95%;91%;94%;95%;98%;93%;99%;96%;99%;100%;85%;91%;97%;100%;100%;100%;100%;100%;100%;100%;100%;100%;97%;100%;94%;98%;89%;91%;85%;88%;88%;97%;94%;91%;100%;98%;92%;86%;96%;86%
2094;95%;87%;89%;96%;96%;100%;96%;89%;94%;83%;44%;97%;76%;94%;91%;86%;9%;62%;90%;98%;87%;95%;96%;98%;99%;96%;95%;91%;94%;95%;98%;93%;99%;96%;99%;100%;85%;91%;97%;100%;100%;100%;100%;100%;100%;100%;100%;100%;97%;100%;94%;98%;89%;91%;85%;87%;88%;97%;94%;91%;100%;98%;92%;86%;96%;86%
2095;95%;86%;89%;96%;96%;100%;96%;89%;94%;82%;43%;97%;73%;94%;91%;85%;9%;62%;90%;98%;87%;95%;96%;98%;99%;96%;95%;91%;94%;95%;98%;93%;99%;96%;99%;100%;85%;91%;97%;100%;100%;100%;100%;100%;100%;100%;100%;100%;97%;100%;94%;98%;89%;91%;85%;87%;88%;98%;94%;91%;100%;98%;92%;86%;96%;87%
2096;95%;86%;88%;96%;96%;100%;96%;89%;94%;82%;43%;97%;71%;94%;91%;85%;9%;61%;90%;98%;86%;95%;96%;98%;99%;96%;95%;91%;94%;95%;98%;93%;99%;96%;99%;100%;85%;91%;98%;100%;100%;100%;100%;100%;100%;100%;100%;100%;97%;100%;94%;98%;89%;91%;85%;87%;89%;98%;94%;91%;100%;98%;92%;87%;96%;87%
2097;95%;85%;88%;96%;96%;100%;96%;89%;94%;82%;42%;97%;68%;94%;90%;85%;9%;60%;90%;98%;86%;95%;96%;98%;99%;96%;95%;91%;94%;95%;98%;93%;99%;96%;99%;100%;85%;91%;98%;100%;100%;100%;100%;100%;100%;100%;100%;100%;97%;100%;94%;98%;89%;91%;85%;87%;89%;98%;94%;92%;100%;98%;92%;87%;96%;87%
2098;95%;84%;88%;96%;96%;100%;96%;90%;94%;82%;41%;97%;64%;94%;90%;85%;9%;59%;89%;98%;86%;95%;96%;98%;99%;96%;96%;91%;94%;95%;98%;93%;99%;96%;99%;100%;85%;91%;98%;100%;100%;100%;100%;100%;100%;100%;100%;100%;97%;100%;94%;98%;90%;91%;85%;87%;89%;98%;94%;92%;100%;98%;93%;87%;96%;87%
2099;95%;84%;88%;96%;96%;100%;96%;90%;94%;81%;41%;97%;61%;94%;90%;85%;9%;59%;89%;98%;86%;95%;96%;98%;99%;96%;96%;91%;94%;95%;98%;93%;99%;96%;99%;100%;85%;91%;98%;100%;100%;100%;100%;100%;100%;100%;100%;100%;97%;100%;94%;98%;90%;91%;85%;87%;89%;98%;94%;92%;100%;98%;93%;87%;96%;87%
2100;95%;83%;88%;96%;96%;100%;96%;90%;94%;81%;41%;97%;57%;94%;90%;85%;9%;59%;89%;98%;86%;95%;96%;98%;99%;96%;96%;91%;94%;95%;98%;93%;99%;96%;99%;100%;85%;91%;98%;100%;100%;100%;100%;100%;100%;100%;100%;100%;97%;100%;94%;98%;90%;91%;85%;87%;89%;98%;94%;92%;100%;98%;93%;88%;96%;87%
;;;;;;;;;;;;;;;;;;;;;;;;;;;;;;;;;;;;;;;;;;;;;;;;;;;;;;;;;;;;;;;;;;
More winners than in monetary income;37%;79%;76%;34%;40%;4%;67%;68%;44%;;;;;;;;;;;;;;;;;;;;;;;;;;;;;;;;;;;;;;;;;;;;;;;;;;;;;;;;;
