Data Figure 2.18b (1/2): Data series on Share Population with higher GDI compared to PI level;;;;;;;;;;;;;;;;;;;;;;;;;;;;;;;;;;;;;;;;;;;;;;;;;;;;;;;;;;;;;;;;;;
Sheet extracted from Platform Paper: Botheetal2026AppendixDistribution.xlsx sheet O5a;;;;;;;;;;;;;;;;;;;;;;;;;;;;;;;;;;;;;;;;;;;;;;;;;;;;;;;;;;;;;;;;;;
;;;;;;;;;;;;;;;;;;;;;;;;;;;;;;;;;;;;;;;;;;;;;;;;;;;;;;;;;;;;;;;;;;
;World;Europe;North America Oceania;Latin America;Middle East North Africa;Sub-Saharan Africa;Russia Central Asia;East Asia;South & South-East Asia;DE;DK;ES;FR;GB;IT;NL;NO;SE;OC;QM;US;CA;AU;NZ;OH;AR;BR;CL;CO;MX;OD;AE;DZ;EG;IR;MA;SA;TR;OE;CD;CI;ET;KE;ML;NE;NG;RW;SD;ZA;OJ;RU;OA;CN;JP;KR;TW;OB;BD;IN;ID;MM;PK;PH;TH;VN;OI
2025;90%;95%;78%;100%;83%;71%;97%;91%;98%;94%;86%;100%;100%;100%;70%;100%;100%;100%;99%;99%;73%;100%;100%;92%;96%;97%;100%;99%;100%;100%;100%;99%;94%;57%;100%;100%;100%;45%;98%;100%;99%;100%;100%;100%;100%;100%;100%;100%;100%;31%;94%;100%;93%;96%;100%;76%;31%;98%;100%;97%;94%;91%;100%;92%;82%;99%
2026;100%;100%;100%;100%;100%;100%;100%;100%;100%;100%;100%;100%;100%;100%;100%;100%;100%;100%;100%;99%;100%;100%;100%;100%;100%;100%;100%;100%;100%;100%;100%;99%;100%;100%;100%;100%;99%;99%;100%;100%;100%;100%;100%;100%;100%;100%;100%;100%;100%;100%;100%;100%;100%;100%;100%;99%;100%;100%;100%;100%;100%;100%;100%;100%;100%;100%
2027;100%;99%;99%;99%;100%;100%;100%;100%;100%;99%;100%;100%;100%;99%;100%;99%;99%;100%;99%;100%;99%;100%;99%;100%;100%;100%;99%;99%;100%;99%;100%;98%;100%;100%;100%;100%;99%;99%;100%;100%;100%;100%;100%;100%;100%;100%;100%;100%;100%;100%;99%;100%;100%;98%;99%;98%;99%;100%;100%;100%;100%;100%;100%;100%;100%;100%
2028;99%;99%;98%;99%;99%;100%;99%;99%;100%;98%;99%;99%;99%;99%;99%;99%;98%;99%;98%;99%;98%;99%;99%;99%;100%;99%;99%;99%;100%;99%;100%;97%;100%;99%;100%;100%;98%;98%;100%;100%;100%;100%;100%;100%;100%;100%;100%;100%;100%;100%;99%;100%;100%;97%;99%;97%;99%;100%;100%;100%;100%;100%;100%;99%;100%;99%
2029;96%;90%;97%;99%;99%;100%;99%;85%;100%;97%;98%;98%;45%;97%;98%;97%;95%;32%;97%;99%;96%;99%;98%;98%;100%;99%;99%;98%;99%;99%;100%;95%;100%;99%;100%;100%;97%;97%;100%;100%;100%;100%;100%;100%;100%;100%;100%;100%;100%;100%;99%;100%;84%;81%;92%;95%;98%;100%;100%;100%;100%;100%;100%;99%;100%;99%
2030;89%;69%;94%;98%;98%;100%;99%;57%;99%;61%;45%;91%;13%;65%;75%;67%;13%;12%;86%;98%;94%;91%;97%;96%;100%;97%;98%;97%;91%;98%;99%;94%;100%;99%;100%;100%;95%;92%;99%;100%;100%;100%;100%;100%;100%;100%;100%;100%;100%;100%;98%;99%;57%;35%;71%;93%;86%;100%;100%;100%;100%;100%;99%;91%;99%;89%
2031;84%;50%;76%;95%;97%;100%;99%;47%;98%;39%;10%;50%;11%;23%;53%;57%;10%;11%;65%;96%;77%;58%;71%;72%;100%;88%;95%;91%;86%;94%;99%;92%;99%;98%;100%;100%;86%;88%;99%;100%;100%;100%;100%;100%;100%;100%;100%;100%;99%;100%;98%;99%;47%;31%;56%;86%;82%;100%;100%;99%;100%;100%;94%;81%;97%;84%
2032;81%;41%;64%;92%;95%;100%;96%;43%;96%;30%;9%;39%;10%;14%;42%;32%;9%;10%;51%;86%;66%;45%;52%;39%;99%;80%;93%;88%;83%;89%;97%;89%;99%;95%;99%;99%;80%;85%;99%;100%;100%;100%;100%;100%;100%;100%;100%;100%;99%;100%;94%;97%;42%;29%;46%;74%;80%;99%;100%;86%;100%;100%;87%;75%;93%;81%
2033;78%;33%;56%;89%;92%;100%;92%;40%;94%;25%;9%;27%;9%;12%;31%;25%;9%;10%;41%;73%;57%;39%;44%;36%;99%;75%;91%;86%;82%;86%;94%;87%;98%;91%;97%;97%;72%;83%;97%;100%;100%;100%;100%;100%;100%;100%;100%;100%;99%;100%;92%;92%;39%;28%;41%;66%;79%;97%;99%;80%;100%;99%;81%;70%;85%;79%
2034;76%;29%;51%;87%;89%;100%;90%;38%;90%;22%;8%;23%;8%;11%;29%;23%;8%;10%;35%;64%;52%;35%;41%;34%;97%;71%;90%;84%;80%;85%;91%;85%;97%;89%;91%;93%;70%;81%;94%;100%;100%;100%;100%;100%;100%;100%;100%;100%;96%;100%;91%;89%;37%;28%;38%;61%;78%;95%;94%;76%;100%;98%;75%;66%;79%;77%
2035;75%;27%;48%;85%;87%;100%;87%;36%;88%;21%;8%;22%;8%;10%;28%;22%;8%;10%;31%;59%;49%;33%;40%;32%;95%;67%;89%;82%;79%;83%;89%;84%;95%;87%;89%;91%;68%;79%;92%;100%;100%;100%;100%;100%;100%;100%;100%;100%;93%;100%;90%;85%;35%;27%;36%;59%;78%;93%;93%;73%;100%;96%;71%;64%;74%;76%
2036;74%;25%;46%;84%;86%;100%;85%;35%;87%;19%;7%;21%;5%;10%;26%;19%;8%;10%;29%;53%;47%;31%;38%;30%;92%;64%;88%;80%;78%;82%;87%;82%;93%;86%;88%;90%;65%;76%;91%;100%;99%;100%;100%;100%;100%;100%;100%;100%;92%;100%;89%;82%;34%;27%;34%;57%;77%;91%;93%;70%;100%;94%;67%;62%;69%;74%
2037;72%;22%;44%;82%;84%;99%;83%;34%;85%;18%;7%;19%;0%;9%;23%;18%;8%;10%;28%;49%;44%;30%;37%;29%;90%;62%;87%;78%;77%;81%;85%;80%;92%;85%;86%;89%;63%;74%;89%;100%;98%;100%;100%;100%;100%;100%;100%;100%;90%;100%;88%;79%;33%;26%;33%;55%;77%;87%;92%;68%;99%;93%;64%;60%;67%;73%
2038;72%;22%;42%;81%;83%;99%;80%;33%;85%;18%;7%;18%;0%;9%;22%;18%;7%;10%;27%;47%;42%;30%;36%;28%;86%;60%;86%;76%;76%;80%;83%;75%;90%;84%;85%;88%;62%;72%;88%;100%;97%;100%;100%;100%;100%;100%;100%;100%;90%;100%;85%;76%;32%;26%;33%;54%;77%;85%;92%;67%;99%;91%;61%;58%;64%;73%
2039;71%;20%;41%;80%;82%;99%;77%;32%;84%;17%;7%;17%;0%;9%;21%;17%;7%;10%;27%;43%;41%;29%;36%;26%;84%;59%;85%;74%;76%;79%;82%;71%;89%;82%;85%;87%;61%;70%;87%;100%;96%;100%;100%;100%;100%;100%;99%;100%;89%;100%;81%;73%;31%;26%;32%;53%;77%;82%;92%;65%;98%;88%;58%;56%;62%;72%
2040;70%;20%;40%;79%;81%;99%;74%;31%;82%;17%;6%;17%;0%;9%;20%;16%;7%;10%;26%;42%;40%;28%;35%;26%;82%;58%;85%;73%;75%;78%;80%;69%;88%;81%;84%;87%;60%;68%;86%;100%;95%;100%;99%;100%;100%;99%;98%;100%;88%;100%;78%;71%;30%;26%;31%;52%;77%;80%;91%;64%;98%;85%;56%;55%;60%;72%
2041;70%;19%;39%;78%;80%;99%;72%;31%;82%;17%;6%;16%;0%;9%;20%;15%;7%;10%;25%;40%;39%;28%;34%;25%;80%;57%;84%;72%;75%;77%;80%;67%;88%;80%;83%;86%;60%;67%;86%;100%;95%;100%;99%;100%;100%;99%;98%;100%;88%;100%;76%;69%;30%;26%;31%;51%;76%;79%;91%;63%;97%;83%;54%;54%;58%;71%
2042;69%;19%;38%;78%;79%;99%;71%;30%;81%;17%;6%;16%;0%;9%;19%;15%;7%;10%;24%;39%;38%;28%;34%;24%;78%;56%;84%;71%;74%;77%;79%;65%;87%;79%;83%;86%;59%;66%;85%;100%;94%;100%;98%;100%;100%;99%;97%;100%;88%;100%;74%;68%;29%;26%;30%;51%;76%;77%;91%;63%;97%;81%;53%;53%;57%;71%
2043;69%;18%;37%;77%;79%;99%;69%;29%;81%;17%;6%;15%;0%;9%;19%;14%;7%;9%;23%;38%;37%;27%;33%;24%;76%;56%;83%;70%;74%;76%;78%;63%;87%;77%;82%;86%;59%;65%;85%;100%;94%;100%;98%;100%;100%;98%;97%;100%;87%;100%;72%;66%;28%;26%;30%;50%;76%;75%;91%;62%;96%;79%;51%;52%;56%;70%
2044;69%;18%;37%;77%;78%;98%;67%;29%;80%;16%;6%;15%;0%;8%;19%;14%;7%;9%;23%;38%;37%;27%;33%;24%;74%;56%;83%;69%;74%;76%;77%;61%;86%;76%;82%;85%;58%;64%;85%;100%;93%;100%;97%;100%;100%;98%;96%;100%;87%;99%;69%;65%;28%;25%;30%;50%;76%;74%;91%;61%;96%;77%;50%;51%;55%;70%
2045;69%;17%;36%;76%;77%;98%;65%;29%;80%;16%;6%;14%;0%;8%;19%;14%;7%;9%;22%;37%;36%;27%;33%;24%;73%;55%;82%;68%;74%;76%;77%;60%;86%;74%;82%;85%;57%;64%;84%;100%;93%;100%;97%;100%;100%;97%;96%;100%;87%;99%;67%;64%;28%;25%;29%;50%;76%;73%;91%;61%;95%;76%;49%;50%;54%;69%
2046;68%;17%;36%;75%;77%;98%;64%;28%;79%;16%;6%;14%;0%;8%;18%;13%;6%;9%;22%;36%;36%;26%;33%;23%;71%;54%;81%;68%;73%;75%;76%;59%;86%;73%;81%;85%;56%;63%;84%;100%;93%;99%;97%;100%;100%;97%;96%;100%;86%;99%;65%;63%;27%;25%;29%;49%;76%;72%;90%;60%;95%;74%;49%;50%;53%;69%
2047;68%;17%;35%;75%;76%;98%;63%;28%;78%;16%;6%;13%;0%;8%;18%;13%;6%;9%;22%;36%;35%;26%;32%;22%;70%;53%;81%;67%;73%;75%;76%;58%;85%;71%;80%;85%;55%;62%;84%;100%;93%;99%;96%;100%;100%;97%;95%;100%;86%;99%;64%;62%;27%;25%;29%;49%;75%;71%;90%;60%;94%;73%;48%;49%;53%;69%
2048;68%;17%;35%;75%;76%;98%;61%;28%;78%;16%;6%;13%;0%;8%;18%;13%;6%;9%;21%;36%;35%;26%;32%;20%;69%;52%;81%;66%;73%;75%;75%;58%;85%;69%;80%;84%;55%;62%;84%;100%;92%;99%;96%;100%;100%;97%;95%;100%;86%;98%;62%;61%;26%;25%;28%;49%;75%;71%;90%;59%;94%;72%;47%;49%;52%;69%
2049;67%;17%;34%;75%;75%;97%;60%;28%;78%;16%;6%;12%;0%;8%;18%;13%;6%;9%;21%;36%;34%;26%;32%;20%;68%;52%;81%;66%;72%;74%;75%;57%;85%;68%;79%;84%;54%;61%;83%;100%;92%;99%;96%;100%;100%;96%;95%;100%;86%;98%;61%;60%;26%;25%;28%;48%;75%;70%;90%;59%;94%;71%;47%;48%;51%;69%
2050;67%;16%;34%;74%;74%;97%;59%;28%;78%;15%;6%;12%;0%;8%;18%;12%;6%;9%;21%;35%;34%;26%;32%;20%;67%;51%;80%;65%;72%;74%;74%;56%;85%;67%;79%;84%;53%;61%;83%;100%;92%;99%;96%;100%;100%;96%;95%;100%;86%;98%;59%;59%;26%;25%;28%;48%;75%;70%;90%;58%;94%;71%;46%;48%;51%;68%
2051;67%;16%;33%;74%;74%;97%;59%;27%;78%;15%;5%;11%;0%;8%;17%;11%;6%;9%;21%;35%;33%;25%;31%;20%;69%;50%;80%;64%;72%;74%;74%;55%;85%;66%;79%;84%;52%;60%;83%;100%;92%;99%;96%;100%;100%;96%;95%;100%;86%;98%;58%;59%;26%;24%;27%;47%;75%;69%;90%;58%;94%;70%;45%;48%;51%;68%
2052;67%;16%;32%;74%;74%;97%;58%;27%;77%;15%;5%;11%;0%;7%;17%;11%;6%;9%;20%;35%;32%;24%;30%;19%;69%;49%;80%;63%;72%;74%;74%;54%;85%;65%;79%;84%;51%;58%;83%;100%;92%;99%;96%;100%;100%;96%;95%;100%;86%;98%;57%;58%;26%;24%;26%;47%;75%;68%;90%;57%;94%;69%;45%;47%;50%;68%
2053;67%;15%;32%;74%;73%;97%;57%;27%;77%;15%;5%;10%;0%;7%;16%;10%;5%;9%;20%;34%;32%;24%;30%;18%;70%;48%;80%;63%;72%;74%;74%;52%;85%;65%;79%;84%;50%;57%;83%;100%;92%;99%;96%;100%;100%;96%;95%;100%;86%;98%;56%;58%;26%;24%;25%;46%;75%;67%;90%;57%;94%;68%;44%;47%;50%;68%
2054;67%;15%;32%;73%;73%;97%;56%;27%;76%;14%;4%;10%;0%;7%;16%;10%;5%;9%;19%;34%;31%;23%;29%;18%;71%;48%;79%;62%;72%;73%;74%;51%;85%;64%;79%;84%;49%;55%;83%;100%;92%;99%;96%;100%;100%;96%;95%;100%;86%;98%;54%;57%;26%;23%;25%;45%;75%;66%;90%;56%;94%;67%;43%;46%;49%;67%
2055;67%;15%;31%;73%;72%;97%;55%;27%;76%;14%;4%;10%;0%;7%;16%;9%;5%;9%;18%;33%;30%;22%;29%;18%;73%;47%;79%;61%;71%;73%;74%;49%;85%;63%;79%;84%;48%;53%;83%;100%;92%;98%;96%;100%;100%;96%;95%;100%;86%;98%;53%;57%;26%;23%;24%;44%;75%;65%;90%;55%;94%;67%;42%;46%;49%;67%
2056;67%;14%;30%;73%;72%;97%;54%;27%;76%;14%;3%;10%;0%;7%;15%;9%;5%;9%;18%;33%;29%;22%;28%;18%;74%;46%;79%;59%;71%;73%;74%;49%;85%;62%;78%;84%;48%;51%;83%;100%;92%;98%;96%;100%;100%;96%;95%;100%;85%;98%;51%;56%;26%;23%;23%;43%;75%;64%;90%;55%;93%;66%;42%;46%;49%;67%
2057;67%;14%;29%;73%;71%;97%;53%;27%;76%;14%;3%;10%;0%;6%;15%;9%;4%;9%;17%;33%;28%;21%;28%;18%;75%;45%;79%;59%;71%;73%;74%;48%;84%;61%;78%;84%;47%;50%;83%;100%;92%;98%;95%;100%;100%;96%;94%;100%;85%;98%;50%;56%;26%;23%;22%;43%;75%;63%;90%;54%;93%;65%;41%;45%;48%;66%
2058;67%;14%;28%;72%;71%;97%;52%;27%;75%;13%;2%;10%;0%;6%;15%;8%;4%;8%;16%;33%;27%;20%;27%;18%;77%;44%;79%;58%;71%;72%;74%;48%;84%;60%;78%;84%;47%;48%;83%;100%;92%;98%;95%;100%;100%;96%;94%;100%;85%;98%;48%;55%;26%;22%;21%;42%;75%;62%;90%;53%;93%;65%;40%;45%;48%;66%
2059;67%;14%;27%;72%;71%;97%;51%;27%;75%;13%;0%;10%;0%;6%;15%;8%;4%;8%;16%;32%;25%;19%;27%;17%;78%;43%;78%;57%;71%;72%;74%;47%;84%;59%;78%;84%;46%;47%;83%;100%;92%;98%;95%;100%;100%;96%;94%;100%;85%;98%;46%;55%;26%;22%;21%;41%;75%;62%;90%;53%;93%;64%;40%;44%;47%;66%
2060;66%;13%;26%;72%;70%;97%;50%;27%;74%;13%;0%;9%;0%;6%;14%;8%;4%;8%;15%;32%;24%;18%;26%;17%;79%;43%;78%;55%;70%;72%;74%;47%;84%;58%;78%;84%;46%;46%;83%;100%;92%;98%;95%;100%;100%;96%;94%;100%;85%;98%;45%;54%;26%;22%;20%;40%;75%;61%;89%;52%;93%;63%;39%;44%;47%;65%
2061;66%;13%;25%;71%;70%;97%;49%;27%;74%;12%;0%;9%;0%;6%;14%;7%;4%;8%;15%;32%;23%;18%;25%;17%;80%;42%;77%;54%;70%;71%;74%;46%;84%;56%;78%;84%;45%;46%;83%;100%;92%;98%;95%;100%;100%;96%;94%;100%;85%;98%;43%;54%;26%;21%;20%;40%;75%;60%;89%;52%;93%;62%;38%;43%;46%;65%
2062;66%;13%;23%;71%;69%;97%;48%;27%;74%;11%;0%;9%;0%;6%;14%;6%;3%;8%;14%;32%;21%;17%;25%;17%;81%;42%;77%;53%;70%;71%;74%;46%;84%;53%;78%;84%;44%;45%;83%;100%;92%;98%;95%;100%;100%;96%;94%;100%;85%;98%;42%;53%;26%;21%;19%;39%;75%;59%;89%;51%;93%;62%;38%;43%;46%;65%
2063;66%;13%;22%;71%;68%;97%;48%;27%;73%;11%;0%;9%;0%;5%;14%;6%;3%;8%;14%;32%;20%;17%;24%;17%;82%;41%;77%;52%;70%;71%;74%;45%;84%;51%;78%;84%;43%;44%;83%;100%;92%;98%;95%;100%;100%;96%;94%;100%;85%;98%;41%;53%;26%;21%;18%;38%;75%;58%;88%;50%;93%;61%;37%;42%;45%;65%
2064;66%;12%;22%;71%;68%;97%;47%;27%;72%;11%;0%;9%;0%;5%;14%;6%;3%;8%;14%;32%;20%;16%;23%;17%;83%;40%;77%;51%;70%;71%;74%;45%;84%;49%;78%;84%;43%;43%;83%;100%;92%;98%;95%;100%;100%;96%;94%;100%;85%;98%;39%;53%;26%;20%;18%;38%;75%;57%;87%;50%;93%;60%;36%;42%;45%;64%
2065;65%;12%;22%;71%;68%;97%;46%;27%;72%;10%;0%;9%;0%;5%;13%;5%;3%;8%;13%;31%;19%;16%;22%;17%;84%;39%;77%;47%;70%;70%;74%;45%;84%;48%;78%;85%;42%;42%;83%;100%;92%;98%;95%;100%;100%;96%;94%;100%;85%;98%;38%;52%;26%;20%;17%;37%;75%;57%;87%;49%;93%;59%;35%;41%;45%;64%
2066;65%;12%;21%;71%;67%;97%;46%;27%;71%;10%;0%;9%;0%;5%;13%;5%;3%;8%;13%;31%;19%;15%;21%;15%;84%;39%;77%;47%;69%;70%;74%;44%;84%;47%;78%;85%;41%;42%;83%;100%;92%;98%;95%;100%;100%;96%;94%;100%;85%;98%;37%;52%;26%;20%;17%;36%;75%;56%;86%;49%;93%;59%;35%;41%;44%;63%
2067;65%;12%;21%;70%;67%;97%;45%;27%;70%;10%;0%;9%;0%;5%;13%;5%;3%;8%;13%;31%;18%;15%;20%;15%;85%;39%;76%;46%;69%;70%;74%;44%;84%;46%;78%;85%;40%;41%;83%;100%;92%;98%;95%;100%;100%;95%;94%;100%;85%;98%;36%;51%;26%;20%;16%;36%;75%;55%;85%;48%;93%;58%;34%;40%;44%;63%
2068;65%;12%;20%;70%;66%;97%;44%;27%;70%;10%;0%;9%;0%;5%;13%;4%;3%;7%;12%;31%;18%;14%;20%;15%;85%;38%;76%;45%;68%;69%;74%;44%;84%;45%;77%;85%;40%;40%;83%;100%;91%;98%;95%;100%;100%;95%;94%;100%;84%;98%;35%;51%;26%;19%;16%;35%;75%;54%;85%;47%;93%;57%;33%;40%;44%;63%
2069;65%;11%;20%;69%;66%;97%;43%;27%;69%;9%;0%;8%;0%;5%;13%;4%;2%;7%;12%;30%;17%;14%;19%;15%;86%;37%;75%;44%;68%;69%;74%;44%;84%;45%;77%;85%;40%;39%;83%;100%;91%;98%;95%;100%;100%;95%;94%;100%;84%;98%;34%;50%;26%;19%;15%;35%;75%;53%;84%;47%;93%;57%;33%;39%;43%;63%
2070;65%;11%;20%;69%;66%;97%;43%;27%;69%;9%;0%;8%;0%;5%;13%;4%;2%;7%;12%;30%;17%;13%;19%;15%;87%;36%;75%;44%;68%;69%;74%;43%;84%;44%;77%;85%;39%;38%;83%;100%;91%;98%;95%;100%;100%;95%;94%;100%;84%;98%;33%;50%;26%;19%;15%;34%;75%;52%;84%;46%;93%;56%;32%;39%;43%;62%
2071;65%;11%;20%;69%;66%;97%;42%;27%;68%;9%;0%;8%;0%;5%;12%;4%;2%;7%;11%;30%;17%;12%;19%;14%;88%;35%;75%;43%;67%;68%;74%;43%;84%;43%;77%;85%;39%;37%;83%;100%;91%;98%;95%;100%;100%;95%;94%;100%;84%;98%;32%;50%;26%;18%;14%;34%;75%;51%;84%;46%;93%;55%;31%;38%;42%;62%
2072;64%;11%;19%;69%;65%;97%;42%;27%;68%;9%;0%;8%;0%;4%;12%;2%;2%;7%;11%;30%;16%;12%;18%;12%;89%;35%;74%;41%;67%;68%;74%;43%;84%;43%;77%;85%;38%;35%;83%;100%;91%;98%;95%;100%;100%;95%;94%;100%;84%;97%;32%;49%;26%;18%;14%;33%;75%;50%;83%;45%;93%;54%;31%;38%;42%;62%
2073;64%;10%;19%;69%;65%;97%;41%;26%;67%;9%;0%;8%;0%;4%;12%;1%;2%;7%;10%;30%;16%;11%;18%;10%;89%;35%;74%;41%;67%;68%;74%;43%;84%;42%;77%;85%;37%;33%;83%;100%;91%;98%;95%;100%;100%;95%;94%;100%;84%;97%;31%;48%;26%;18%;13%;33%;75%;50%;83%;45%;93%;53%;30%;37%;41%;61%
2074;64%;10%;19%;68%;65%;97%;40%;26%;67%;8%;0%;8%;0%;4%;12%;1%;2%;7%;9%;30%;16%;11%;18%;10%;90%;34%;74%;40%;67%;67%;73%;43%;84%;42%;77%;85%;36%;31%;83%;100%;91%;98%;95%;100%;100%;95%;94%;100%;84%;97%;30%;48%;26%;18%;13%;32%;75%;49%;82%;44%;93%;53%;29%;37%;41%;61%
2075;64%;10%;18%;68%;64%;97%;40%;26%;66%;8%;0%;8%;0%;4%;11%;0%;2%;7%;9%;29%;15%;10%;17%;10%;91%;33%;74%;39%;67%;67%;73%;42%;84%;41%;77%;85%;35%;29%;83%;100%;91%;98%;95%;100%;100%;95%;94%;100%;84%;97%;29%;48%;26%;17%;13%;32%;75%;48%;82%;43%;92%;52%;29%;36%;41%;61%
2076;64%;10%;18%;68%;64%;97%;39%;27%;66%;8%;0%;7%;0%;4%;11%;0%;2%;7%;8%;29%;15%;10%;17%;10%;91%;33%;74%;38%;66%;67%;73%;42%;84%;40%;76%;85%;34%;28%;83%;100%;91%;98%;95%;100%;100%;95%;94%;100%;84%;97%;28%;47%;27%;17%;12%;31%;75%;47%;82%;43%;92%;51%;28%;36%;40%;61%
2077;63%;9%;18%;67%;64%;97%;39%;27%;65%;8%;0%;7%;0%;3%;11%;0%;2%;7%;8%;29%;15%;9%;17%;10%;91%;32%;73%;38%;66%;66%;73%;42%;84%;40%;76%;85%;33%;27%;83%;100%;91%;98%;95%;100%;100%;95%;94%;100%;84%;97%;27%;47%;27%;17%;12%;31%;75%;46%;81%;42%;92%;50%;27%;35%;40%;60%
2078;63%;9%;18%;67%;63%;97%;38%;27%;65%;8%;0%;7%;0%;3%;11%;0%;2%;6%;8%;29%;15%;9%;17%;10%;92%;32%;73%;37%;66%;66%;73%;42%;84%;38%;76%;85%;32%;26%;83%;100%;91%;98%;95%;100%;100%;95%;94%;100%;84%;97%;26%;46%;27%;17%;11%;30%;75%;45%;81%;42%;92%;50%;27%;35%;40%;60%
2079;63%;9%;17%;67%;61%;97%;37%;27%;64%;8%;0%;7%;0%;3%;11%;0%;2%;6%;7%;29%;14%;8%;16%;10%;92%;31%;73%;36%;65%;65%;73%;42%;84%;30%;76%;85%;31%;26%;83%;100%;91%;98%;95%;100%;100%;95%;94%;100%;84%;97%;25%;46%;27%;16%;11%;30%;75%;45%;80%;41%;92%;49%;26%;34%;39%;59%
2080;63%;9%;17%;67%;61%;97%;36%;27%;64%;7%;0%;7%;0%;2%;10%;0%;2%;6%;7%;28%;14%;8%;16%;10%;92%;30%;73%;36%;64%;65%;73%;41%;84%;29%;76%;85%;30%;26%;83%;100%;91%;98%;95%;100%;100%;95%;94%;100%;83%;97%;24%;45%;27%;16%;11%;29%;75%;44%;80%;41%;92%;48%;25%;34%;39%;59%
2081;63%;8%;16%;66%;61%;97%;36%;26%;63%;7%;0%;7%;0%;1%;10%;0%;1%;6%;7%;28%;14%;6%;16%;9%;92%;30%;72%;35%;64%;65%;73%;41%;84%;29%;76%;85%;30%;25%;83%;100%;91%;98%;95%;100%;100%;95%;94%;100%;83%;97%;23%;45%;26%;16%;10%;29%;75%;43%;79%;40%;92%;48%;25%;33%;38%;59%
2082;63%;8%;16%;66%;61%;97%;35%;26%;63%;7%;0%;6%;0%;1%;10%;0%;1%;6%;7%;27%;14%;4%;15%;9%;92%;30%;72%;35%;63%;64%;73%;41%;84%;29%;76%;85%;29%;25%;83%;100%;91%;98%;95%;100%;100%;95%;93%;100%;83%;97%;23%;44%;26%;15%;10%;29%;75%;42%;79%;40%;92%;47%;24%;33%;38%;58%
2083;62%;8%;16%;66%;61%;97%;34%;26%;61%;7%;0%;6%;0%;0%;10%;0%;1%;6%;7%;27%;14%;2%;15%;9%;92%;30%;72%;34%;63%;64%;73%;41%;84%;29%;75%;85%;29%;25%;83%;100%;91%;98%;94%;100%;100%;95%;93%;100%;83%;97%;22%;43%;26%;15%;10%;28%;75%;41%;77%;39%;92%;46%;24%;32%;37%;58%
2084;62%;8%;15%;66%;60%;96%;34%;25%;60%;7%;0%;6%;0%;0%;9%;0%;1%;6%;6%;26%;13%;2%;15%;9%;92%;29%;72%;34%;63%;64%;73%;41%;84%;28%;75%;85%;28%;25%;83%;100%;90%;98%;94%;100%;100%;94%;93%;100%;83%;97%;22%;43%;25%;15%;9%;28%;75%;40%;76%;39%;92%;45%;23%;32%;37%;58%
2085;62%;7%;15%;66%;60%;96%;34%;25%;60%;6%;0%;6%;0%;0%;9%;0%;1%;6%;6%;26%;13%;1%;14%;8%;91%;29%;72%;33%;63%;63%;73%;40%;83%;28%;75%;85%;28%;24%;83%;100%;90%;98%;94%;100%;100%;94%;93%;100%;83%;97%;21%;43%;25%;15%;9%;27%;74%;40%;76%;38%;91%;45%;23%;31%;36%;57%
2086;61%;7%;15%;66%;60%;96%;33%;25%;59%;6%;0%;6%;0%;0%;9%;0%;1%;5%;6%;25%;13%;1%;14%;8%;91%;29%;72%;33%;63%;63%;72%;40%;83%;28%;74%;85%;28%;24%;83%;100%;90%;98%;94%;100%;100%;94%;93%;100%;83%;97%;21%;42%;25%;14%;9%;27%;74%;39%;75%;38%;91%;44%;22%;31%;36%;57%
2087;61%;7%;15%;65%;60%;96%;33%;25%;59%;6%;0%;6%;0%;0%;9%;0%;0%;5%;6%;25%;13%;1%;14%;8%;91%;28%;71%;32%;62%;62%;72%;40%;83%;28%;74%;85%;27%;24%;82%;100%;90%;98%;94%;100%;100%;94%;93%;100%;83%;97%;20%;42%;25%;14%;8%;26%;74%;38%;74%;38%;90%;44%;21%;31%;36%;57%
2088;61%;7%;14%;65%;59%;96%;32%;24%;58%;6%;0%;6%;0%;0%;9%;0%;0%;5%;6%;24%;12%;0%;13%;7%;91%;28%;71%;32%;62%;62%;72%;40%;83%;27%;74%;85%;27%;24%;82%;100%;90%;98%;94%;100%;100%;94%;93%;100%;83%;97%;20%;41%;24%;14%;8%;26%;74%;37%;74%;37%;90%;43%;21%;30%;35%;57%
2089;61%;7%;14%;65%;59%;96%;32%;24%;58%;6%;0%;6%;0%;0%;8%;0%;0%;5%;6%;24%;12%;0%;13%;7%;90%;28%;71%;31%;62%;62%;72%;40%;83%;27%;73%;85%;27%;24%;82%;100%;90%;98%;94%;99%;100%;94%;93%;100%;82%;97%;20%;41%;24%;13%;8%;26%;74%;37%;73%;37%;90%;42%;21%;30%;35%;56%
2090;61%;7%;14%;65%;59%;96%;31%;24%;57%;6%;0%;5%;0%;0%;8%;0%;0%;5%;6%;23%;12%;0%;13%;7%;90%;28%;70%;31%;61%;62%;72%;40%;83%;27%;73%;85%;26%;23%;82%;100%;90%;98%;94%;99%;100%;94%;93%;100%;82%;97%;19%;40%;24%;13%;7%;25%;74%;36%;72%;36%;88%;42%;20%;29%;34%;56%
2091;60%;6%;14%;64%;59%;96%;31%;23%;57%;5%;0%;5%;0%;0%;8%;0%;0%;5%;5%;23%;12%;0%;12%;7%;90%;27%;70%;30%;61%;61%;72%;39%;83%;27%;73%;85%;26%;23%;82%;99%;90%;97%;94%;99%;100%;94%;93%;100%;82%;97%;19%;40%;23%;13%;7%;25%;74%;35%;72%;36%;88%;41%;20%;29%;34%;55%
2092;60%;6%;14%;64%;59%;96%;31%;23%;56%;4%;0%;5%;0%;0%;8%;0%;0%;5%;5%;22%;12%;0%;12%;7%;90%;27%;70%;30%;60%;61%;72%;39%;83%;26%;72%;85%;25%;23%;82%;99%;90%;97%;94%;99%;100%;94%;93%;100%;82%;97%;19%;39%;23%;13%;7%;24%;74%;35%;71%;35%;88%;40%;19%;29%;33%;55%
2093;60%;6%;14%;64%;58%;96%;31%;23%;55%;4%;0%;5%;0%;0%;7%;0%;0%;4%;5%;22%;12%;0%;12%;7%;89%;27%;69%;30%;60%;61%;72%;39%;82%;25%;72%;85%;24%;23%;82%;99%;89%;97%;94%;99%;100%;93%;93%;100%;82%;97%;19%;39%;23%;12%;7%;24%;74%;34%;70%;35%;88%;40%;19%;28%;33%;55%
2094;60%;6%;13%;63%;58%;96%;31%;23%;54%;4%;0%;5%;0%;0%;7%;0%;0%;4%;5%;21%;11%;0%;12%;7%;89%;27%;69%;28%;60%;60%;71%;39%;82%;24%;71%;85%;23%;23%;82%;99%;89%;97%;94%;99%;100%;93%;93%;100%;82%;97%;19%;39%;23%;12%;6%;24%;73%;33%;69%;34%;87%;39%;18%;28%;33%;55%
2095;59%;6%;13%;63%;58%;96%;30%;22%;54%;4%;0%;5%;0%;0%;6%;0%;0%;4%;5%;21%;11%;0%;11%;6%;89%;27%;69%;28%;60%;60%;71%;39%;82%;23%;70%;85%;22%;22%;82%;99%;89%;97%;94%;99%;100%;93%;93%;100%;82%;97%;19%;38%;22%;12%;6%;23%;73%;33%;68%;34%;87%;39%;18%;27%;32%;54%
2096;59%;5%;13%;63%;57%;96%;30%;22%;53%;4%;0%;4%;0%;0%;6%;0%;0%;4%;5%;20%;11%;0%;11%;5%;88%;26%;69%;27%;59%;60%;71%;39%;82%;22%;70%;84%;20%;22%;82%;99%;89%;97%;94%;99%;100%;93%;92%;100%;82%;97%;19%;38%;22%;12%;6%;23%;73%;32%;67%;34%;87%;38%;17%;27%;32%;54%
2097;59%;5%;13%;63%;57%;96%;29%;22%;52%;3%;0%;4%;0%;0%;5%;0%;0%;4%;5%;20%;11%;0%;11%;5%;87%;26%;69%;27%;59%;59%;71%;38%;82%;21%;69%;84%;19%;22%;82%;99%;89%;97%;93%;99%;100%;93%;92%;100%;82%;97%;18%;37%;22%;11%;5%;22%;73%;32%;66%;33%;87%;37%;17%;27%;32%;54%
2098;59%;5%;13%;63%;56%;96%;29%;22%;51%;3%;0%;4%;0%;0%;4%;0%;0%;4%;5%;19%;11%;0%;11%;5%;87%;26%;69%;27%;58%;59%;71%;38%;82%;20%;69%;84%;18%;22%;82%;99%;89%;97%;93%;99%;100%;93%;92%;100%;81%;96%;18%;37%;22%;11%;5%;22%;73%;31%;65%;33%;86%;37%;17%;26%;32%;53%
2099;58%;5%;13%;63%;56%;96%;29%;22%;50%;3%;0%;4%;0%;0%;4%;0%;0%;4%;5%;19%;11%;0%;10%;5%;87%;26%;69%;26%;58%;59%;71%;38%;82%;19%;67%;84%;18%;21%;82%;99%;89%;97%;93%;99%;100%;93%;92%;100%;81%;96%;18%;37%;22%;11%;5%;22%;73%;30%;63%;32%;86%;36%;16%;26%;31%;53%
2100;58%;4%;13%;63%;56%;96%;29%;21%;50%;2%;0%;3%;0%;0%;4%;0%;0%;4%;5%;18%;11%;0%;10%;5%;86%;25%;68%;26%;58%;59%;71%;38%;81%;19%;67%;84%;17%;21%;82%;99%;89%;97%;93%;99%;100%;93%;92%;100%;81%;96%;18%;37%;21%;11%;5%;21%;73%;30%;63%;32%;86%;35%;16%;26%;31%;53%
